Année;Perimètre juridique;Perimètre spatial;Indicateur;Type de contrat;Tranche horaire;Collège;Genre;Valeur;Unité;Chapitre du bilan social
2023;EDF SA;France;Salariés à temps partiel en décembre;;;Maitrise;Femme;822.0;Nombre;
2023;EDF SA;France;Salariés à temps partiel en décembre;Statutaires;Moins de 20 heures;Maitrise;Homme;32.0;Nombre;
2023;EDF SA;France;Salariés à temps partiel en décembre;Non statutaire CDI;Moins de 20 heures;Maitrise;Femme;0.0;Nombre;
2023;EDF SA;France;Salariés à temps partiel en décembre;Non statutaire CDD;Moins de 20 heures;Cadre;Femme;0.0;Nombre;
2023;EDF SA;France;Salariés à temps partiel en décembre;Statutaires;De 20 heures à moins de 30 heures;Cadre;Homme;54.0;Nombre;
2023;EDF SA;France;Salariés à temps partiel en décembre;Statutaires;De 20 heures à moins de 30 heures;Maitrise;Femme;330.0;Nombre;
2023;EDF SA;France;Salariés à temps partiel en décembre;Non statutaire CDI;De 20 heures à moins de 30 heures;Maitrise;Homme;0.0;Nombre;
2023;EDF SA;France;Salariés à temps partiel en décembre;Non statutaire CDI;De 20 heures à moins de 30 heures;Execution;Homme;0.0;Nombre;
2023;EDF SA;France;Salariés à temps partiel en décembre;Non statutaire CDI;De 20 heures à moins de 30 heures;Execution;Femme;0.0;Nombre;
2023;EDF SA;France;Salariés à temps partiel en décembre;Non statutaire CDI;De 30 heures à moins de 35 heures;Cadre;Homme;1.0;Nombre;
2023;EDF SA;France;Salariés à temps partiel en décembre;Non statutaire CDD;De 30 heures à moins de 35 heures;Cadre;Homme;0.0;Nombre;
2023;EDF SA;France;Salariés à temps partiel en décembre;Non statutaire CDD;De 30 heures à moins de 35 heures;Maitrise;Homme;0.0;Nombre;
2023;EDF SA;France;Salariés à temps partiel en décembre;Statutaires;Moins de 20 heures;Execution;Homme;6.0;Nombre;
2023;EDF SA;France;Salariés à temps partiel en décembre;Non statutaire CDI;Moins de 20 heures;Cadre;Femme;3.0;Nombre;
2023;EDF SA;France;Salariés à temps partiel en décembre;Non statutaire CDD;Moins de 20 heures;Cadre;Homme;0.0;Nombre;
2023;EDF SA;France;Salariés à temps partiel en décembre;Non statutaire CDD;Moins de 20 heures;Execution;Homme;0.0;Nombre;
2023;EDF SA;France;Salariés à temps partiel en décembre;Non statutaire CDD;Moins de 20 heures;Execution;Femme;0.0;Nombre;
2023;EDF SA;France;Salariés à temps partiel en décembre;Statutaires;De 20 heures à moins de 30 heures;Execution;Femme;131.0;Nombre;
2023;EDF SA;France;Salariés à temps partiel en décembre;Non statutaire CDI;De 20 heures à moins de 30 heures;Cadre;Homme;1.0;Nombre;
2023;EDF SA;France;Salariés à temps partiel en décembre;Non statutaire CDD;De 20 heures à moins de 30 heures;Cadre;Femme;0.0;Nombre;
2023;EDF SA;France;Salariés à temps partiel en décembre;Statutaires;De 30 heures à moins de 35 heures;Execution;Femme;58.0;Nombre;
2023;EDF SA;France;Salariés à temps partiel en décembre;Non statutaire CDI;De 30 heures à moins de 35 heures;Maitrise;Homme;0.0;Nombre;
2023;EDF SA;France;Salariés à temps partiel en décembre;Non statutaire CDI;De 30 heures à moins de 35 heures;Execution;Femme;1.0;Nombre;
2023;EDF SA;France;Salariés à temps partiel en décembre;Non statutaire CDD;De 30 heures à moins de 35 heures;Maitrise;Femme;1.0;Nombre;
2023;EDF SA;France;Salariés à temps partiel en décembre;Non statutaire CDD;De 30 heures à moins de 35 heures;Execution;Homme;0.0;Nombre;
2023;EDF SA;France;Salariés à temps partiel en décembre;;;Cadre;Homme;103.0;Nombre;
2023;EDF SA;France;Salariés à temps partiel en décembre;;;Cadre;Femme;175.0;Nombre;
2023;EDF SA;France;Salariés à temps partiel en décembre;;;Execution;Homme;40.0;Nombre;
2023;EDF SA;France;Salariés à temps partiel en décembre;Statutaires;Moins de 20 heures;Maitrise;Femme;97.0;Nombre;
2023;EDF SA;France;Salariés à temps partiel en décembre;Statutaires;Moins de 20 heures;Execution;Femme;68.0;Nombre;
2023;EDF SA;France;Salariés à temps partiel en décembre;Non statutaire CDI;Moins de 20 heures;Execution;Homme;0.0;Nombre;
2023;EDF SA;France;Salariés à temps partiel en décembre;Non statutaire CDD;Moins de 20 heures;Maitrise;Homme;0.0;Nombre;
2023;EDF SA;France;Salariés à temps partiel en décembre;Statutaires;De 20 heures à moins de 30 heures;Execution;Homme;17.0;Nombre;
2023;EDF SA;France;Salariés à temps partiel en décembre;Non statutaire CDI;De 20 heures à moins de 30 heures;Cadre;Femme;6.0;Nombre;
2023;EDF SA;France;Salariés à temps partiel en décembre;Non statutaire CDD;De 20 heures à moins de 30 heures;Cadre;Homme;0.0;Nombre;
2023;EDF SA;France;Salariés à temps partiel en décembre;Non statutaire CDD;De 20 heures à moins de 30 heures;Maitrise;Homme;0.0;Nombre;
2023;EDF SA;France;Salariés à temps partiel en décembre;Non statutaire CDD;De 20 heures à moins de 30 heures;Maitrise;Femme;0.0;Nombre;
2023;EDF SA;France;Salariés à temps partiel en décembre;Non statutaire CDD;De 20 heures à moins de 30 heures;Execution;Homme;0.0;Nombre;
2023;EDF SA;France;Salariés à temps partiel en décembre;Statutaires;De 30 heures à moins de 35 heures;Cadre;Homme;22.0;Nombre;
2023;EDF SA;France;Salariés à temps partiel en décembre;Statutaires;De 30 heures à moins de 35 heures;Maitrise;Femme;394.0;Nombre;
2023;EDF SA;France;Salariés à temps partiel en décembre;Non statutaire CDI;De 30 heures à moins de 35 heures;Maitrise;Femme;0.0;Nombre;
2023;EDF SA;France;Salariés à temps partiel en décembre;;;Execution;Femme;259.0;Nombre;
2023;EDF SA;France;Salariés à temps partiel en décembre;Statutaires;Moins de 20 heures;Cadre;Femme;28.0;Nombre;
2023;EDF SA;France;Salariés à temps partiel en décembre;Non statutaire CDD;Moins de 20 heures;Maitrise;Femme;0.0;Nombre;
2023;EDF SA;France;Salariés à temps partiel en décembre;Statutaires;De 20 heures à moins de 30 heures;Cadre;Femme;77.0;Nombre;
2023;EDF SA;France;Salariés à temps partiel en décembre;Statutaires;De 20 heures à moins de 30 heures;Maitrise;Homme;86.0;Nombre;
2023;EDF SA;France;Salariés à temps partiel en décembre;Non statutaire CDI;De 20 heures à moins de 30 heures;Maitrise;Femme;0.0;Nombre;
2023;EDF SA;France;Salariés à temps partiel en décembre;Statutaires;De 30 heures à moins de 35 heures;Cadre;Femme;59.0;Nombre;
2023;EDF SA;France;Salariés à temps partiel en décembre;Statutaires;De 30 heures à moins de 35 heures;Maitrise;Homme;102.0;Nombre;
2023;EDF SA;France;Salariés à temps partiel en décembre;Statutaires;De 30 heures à moins de 35 heures;Execution;Homme;17.0;Nombre;
2023;EDF SA;France;Salariés à temps partiel en décembre;Non statutaire CDI;De 30 heures à moins de 35 heures;Execution;Homme;0.0;Nombre;
2023;EDF SA;France;Salariés à temps partiel en décembre;;;Maitrise;Homme;220.0;Nombre;
2023;EDF SA;France;Salariés à temps partiel en décembre;Statutaires;Moins de 20 heures;Cadre;Homme;22.0;Nombre;
2023;EDF SA;France;Salariés à temps partiel en décembre;Non statutaire CDI;Moins de 20 heures;Cadre;Homme;3.0;Nombre;
2023;EDF SA;France;Salariés à temps partiel en décembre;Non statutaire CDI;Moins de 20 heures;Maitrise;Homme;0.0;Nombre;
2023;EDF SA;France;Salariés à temps partiel en décembre;Non statutaire CDI;Moins de 20 heures;Execution;Femme;1.0;Nombre;
2023;EDF SA;France;Salariés à temps partiel en décembre;Non statutaire CDD;De 20 heures à moins de 30 heures;Execution;Femme;0.0;Nombre;
2023;EDF SA;France;Salariés à temps partiel en décembre;Non statutaire CDI;De 30 heures à moins de 35 heures;Cadre;Femme;2.0;Nombre;
2023;EDF SA;France;Salariés à temps partiel en décembre;Non statutaire CDD;De 30 heures à moins de 35 heures;Cadre;Femme;0.0;Nombre;
2023;EDF SA;France;Salariés à temps partiel en décembre;Non statutaire CDD;De 30 heures à moins de 35 heures;Execution;Femme;0.0;Nombre;
2022;EDF SA;France;Salariés à temps partiel en décembre;Statutaires;Moins de 20 heures;Maitrise;Homme;31.0;Nombre;§4.1.4
2022;EDF SA;France;Salariés à temps partiel en décembre;Non statutaire CDI;Moins de 20 heures;Cadre;Homme;3.0;Nombre;§4.1.4
2022;EDF SA;France;Salariés à temps partiel en décembre;Non statutaire CDI;Moins de 20 heures;Cadre;Femme;4.0;Nombre;§4.1.4
2022;EDF SA;France;Salariés à temps partiel en décembre;Non statutaire CDD;Moins de 20 heures;Cadre;Homme;0.0;Nombre;§4.1.4
2022;EDF SA;France;Salariés à temps partiel en décembre;Non statutaire CDD;Moins de 20 heures;Cadre;Femme;2.0;Nombre;§4.1.4
2022;EDF SA;France;Salariés à temps partiel en décembre;Non statutaire CDD;Moins de 20 heures;Execution;Femme;0.0;Nombre;§4.1.4
2022;EDF SA;France;Salariés à temps partiel en décembre;Non statutaire CDD;De 20 heures à moins de 30 heures;Cadre;Homme;0.0;Nombre;§4.1.4
2022;EDF SA;France;Salariés à temps partiel en décembre;Non statutaire CDD;De 20 heures à moins de 30 heures;Maitrise;Homme;0.0;Nombre;§4.1.4
2022;EDF SA;France;Salariés à temps partiel en décembre;Statutaires;De 30 heures à moins de 35 heures;Execution;Homme;13.0;Nombre;§4.1.4
2022;EDF SA;France;Salariés à temps partiel en décembre;Non statutaire CDD;De 30 heures à moins de 35 heures;Execution;Femme;1.0;Nombre;§4.1.4
2022;EDF SA;France;Salariés à temps partiel en décembre;;;Maitrise;Homme;235.0;Nombre;§4.1.4
2022;EDF SA;France;Salariés à temps partiel en décembre;Statutaires;Moins de 20 heures;Maitrise;Femme;97.0;Nombre;§4.1.4
2022;EDF SA;France;Salariés à temps partiel en décembre;Non statutaire CDI;Moins de 20 heures;Maitrise;Femme;0.0;Nombre;§4.1.4
2022;EDF SA;France;Salariés à temps partiel en décembre;Non statutaire CDD;Moins de 20 heures;Execution;Homme;0.0;Nombre;§4.1.4
2022;EDF SA;France;Salariés à temps partiel en décembre;Non statutaire CDI;De 20 heures à moins de 30 heures;Maitrise;Femme;1.0;Nombre;§4.1.4
2022;EDF SA;France;Salariés à temps partiel en décembre;Non statutaire CDD;De 20 heures à moins de 30 heures;Execution;Femme;1.0;Nombre;§4.1.4
2022;EDF SA;France;Salariés à temps partiel en décembre;Statutaires;De 30 heures à moins de 35 heures;Cadre;Homme;24.0;Nombre;§4.1.4
2022;EDF SA;France;Salariés à temps partiel en décembre;Non statutaire CDI;De 30 heures à moins de 35 heures;Cadre;Femme;2.0;Nombre;§4.1.4
2022;EDF SA;France;Salariés à temps partiel en décembre;Non statutaire CDD;De 30 heures à moins de 35 heures;Cadre;Femme;0.0;Nombre;§4.1.4
2022;EDF SA;France;Salariés à temps partiel en décembre;Non statutaire CDD;De 30 heures à moins de 35 heures;Maitrise;Femme;1.0;Nombre;§4.1.4
2022;EDF SA;France;Salariés à temps partiel en décembre;;;Cadre;Femme;184.0;Nombre;§4.1.4
2022;EDF SA;France;Salariés à temps partiel en décembre;;;Maitrise;Femme;825.0;Nombre;§4.1.4
2022;EDF SA;France;Salariés à temps partiel en décembre;Statutaires;Moins de 20 heures;Execution;Homme;8.0;Nombre;§4.1.4
2022;EDF SA;France;Salariés à temps partiel en décembre;Non statutaire CDI;Moins de 20 heures;Execution;Homme;0.0;Nombre;§4.1.4
2022;EDF SA;France;Salariés à temps partiel en décembre;Statutaires;De 20 heures à moins de 30 heures;Maitrise;Homme;83.0;Nombre;§4.1.4
2022;EDF SA;France;Salariés à temps partiel en décembre;Statutaires;De 20 heures à moins de 30 heures;Execution;Femme;158.0;Nombre;§4.1.4
2022;EDF SA;France;Salariés à temps partiel en décembre;Non statutaire CDI;De 20 heures à moins de 30 heures;Cadre;Homme;1.0;Nombre;§4.1.4
2022;EDF SA;France;Salariés à temps partiel en décembre;Non statutaire CDD;De 20 heures à moins de 30 heures;Execution;Homme;0.0;Nombre;§4.1.4
2022;EDF SA;France;Salariés à temps partiel en décembre;Statutaires;De 30 heures à moins de 35 heures;Cadre;Femme;65.0;Nombre;§4.1.4
2022;EDF SA;France;Salariés à temps partiel en décembre;Statutaires;De 30 heures à moins de 35 heures;Maitrise;Femme;408.0;Nombre;§4.1.4
2022;EDF SA;France;Salariés à temps partiel en décembre;Non statutaire CDI;De 30 heures à moins de 35 heures;Maitrise;Homme;0.0;Nombre;§4.1.4
2022;EDF SA;France;Salariés à temps partiel en décembre;Non statutaire CDD;De 30 heures à moins de 35 heures;Execution;Homme;0.0;Nombre;§4.1.4
2022;EDF SA;France;Salariés à temps partiel en décembre;;;Cadre;Homme;85.0;Nombre;§4.1.4
2022;EDF SA;France;Salariés à temps partiel en décembre;;;Execution;Homme;42.0;Nombre;§4.1.4
2022;EDF SA;France;Salariés à temps partiel en décembre;Non statutaire CDI;Moins de 20 heures;Maitrise;Homme;0.0;Nombre;§4.1.4
2022;EDF SA;France;Salariés à temps partiel en décembre;Non statutaire CDI;Moins de 20 heures;Execution;Femme;1.0;Nombre;§4.1.4
2022;EDF SA;France;Salariés à temps partiel en décembre;Non statutaire CDD;Moins de 20 heures;Maitrise;Homme;0.0;Nombre;§4.1.4
2022;EDF SA;France;Salariés à temps partiel en décembre;Statutaires;De 20 heures à moins de 30 heures;Cadre;Homme;39.0;Nombre;§4.1.4
2022;EDF SA;France;Salariés à temps partiel en décembre;Statutaires;De 20 heures à moins de 30 heures;Maitrise;Femme;317.0;Nombre;§4.1.4
2022;EDF SA;France;Salariés à temps partiel en décembre;Non statutaire CDI;De 20 heures à moins de 30 heures;Cadre;Femme;6.0;Nombre;§4.1.4
2022;EDF SA;France;Salariés à temps partiel en décembre;Non statutaire CDI;De 20 heures à moins de 30 heures;Maitrise;Homme;0.0;Nombre;§4.1.4
2022;EDF SA;France;Salariés à temps partiel en décembre;Non statutaire CDD;De 20 heures à moins de 30 heures;Cadre;Femme;0.0;Nombre;§4.1.4
2022;EDF SA;France;Salariés à temps partiel en décembre;Non statutaire CDD;De 20 heures à moins de 30 heures;Maitrise;Femme;1.0;Nombre;§4.1.4
2022;EDF SA;France;Salariés à temps partiel en décembre;Statutaires;De 30 heures à moins de 35 heures;Maitrise;Homme;121.0;Nombre;§4.1.4
2022;EDF SA;France;Salariés à temps partiel en décembre;Statutaires;De 30 heures à moins de 35 heures;Execution;Femme;76.0;Nombre;§4.1.4
2022;EDF SA;France;Salariés à temps partiel en décembre;Non statutaire CDI;De 30 heures à moins de 35 heures;Maitrise;Femme;0.0;Nombre;§4.1.4
2022;EDF SA;France;Salariés à temps partiel en décembre;Non statutaire CDI;De 30 heures à moins de 35 heures;Execution;Homme;0.0;Nombre;§4.1.4
2022;EDF SA;France;Salariés à temps partiel en décembre;;;Execution;Femme;298.0;Nombre;§4.1.4
2022;EDF SA;France;Salariés à temps partiel en décembre;Statutaires;Moins de 20 heures;Cadre;Homme;17.0;Nombre;§4.1.4
2022;EDF SA;France;Salariés à temps partiel en décembre;Statutaires;Moins de 20 heures;Cadre;Femme;30.0;Nombre;§4.1.4
2022;EDF SA;France;Salariés à temps partiel en décembre;Statutaires;Moins de 20 heures;Execution;Femme;60.0;Nombre;§4.1.4
2022;EDF SA;France;Salariés à temps partiel en décembre;Non statutaire CDD;Moins de 20 heures;Maitrise;Femme;0.0;Nombre;§4.1.4
2022;EDF SA;France;Salariés à temps partiel en décembre;Statutaires;De 20 heures à moins de 30 heures;Cadre;Femme;75.0;Nombre;§4.1.4
2022;EDF SA;France;Salariés à temps partiel en décembre;Statutaires;De 20 heures à moins de 30 heures;Execution;Homme;21.0;Nombre;§4.1.4
2022;EDF SA;France;Salariés à temps partiel en décembre;Non statutaire CDI;De 20 heures à moins de 30 heures;Execution;Homme;0.0;Nombre;§4.1.4
2022;EDF SA;France;Salariés à temps partiel en décembre;Non statutaire CDI;De 20 heures à moins de 30 heures;Execution;Femme;0.0;Nombre;§4.1.4
2022;EDF SA;France;Salariés à temps partiel en décembre;Non statutaire CDI;De 30 heures à moins de 35 heures;Cadre;Homme;1.0;Nombre;§4.1.4
2022;EDF SA;France;Salariés à temps partiel en décembre;Non statutaire CDI;De 30 heures à moins de 35 heures;Execution;Femme;1.0;Nombre;§4.1.4
2022;EDF SA;France;Salariés à temps partiel en décembre;Non statutaire CDD;De 30 heures à moins de 35 heures;Cadre;Homme;0.0;Nombre;§4.1.4
2022;EDF SA;France;Salariés à temps partiel en décembre;Non statutaire CDD;De 30 heures à moins de 35 heures;Maitrise;Homme;0.0;Nombre;§4.1.4
2021;EDF SA;France;Salariés à temps partiel en décembre;;;Execution;Femme;350.0;Nombre;§4.1.4
2021;EDF SA;France;Salariés à temps partiel en décembre;Statutaires;Moins de 20 heures;Execution;Homme;9.0;Nombre;§4.1.4
2021;EDF SA;France;Salariés à temps partiel en décembre;Non statutaire CDI;Moins de 20 heures;Cadre;Homme;5.0;Nombre;§4.1.4
2021;EDF SA;France;Salariés à temps partiel en décembre;Non statutaire CDI;Moins de 20 heures;Cadre;Femme;7.0;Nombre;§4.1.4
2021;EDF SA;France;Salariés à temps partiel en décembre;Statutaires;De 20 heures à moins de 30 heures;Cadre;Homme;29.0;Nombre;§4.1.4
2021;EDF SA;France;Salariés à temps partiel en décembre;Statutaires;De 20 heures à moins de 30 heures;Cadre;Femme;71.0;Nombre;§4.1.4
2021;EDF SA;France;Salariés à temps partiel en décembre;Statutaires;De 20 heures à moins de 30 heures;Execution;Homme;21.0;Nombre;§4.1.4
2021;EDF SA;France;Salariés à temps partiel en décembre;Statutaires;De 20 heures à moins de 30 heures;Execution;Femme;184.0;Nombre;§4.1.4
2021;EDF SA;France;Salariés à temps partiel en décembre;Non statutaire CDI;De 20 heures à moins de 30 heures;Cadre;Homme;2.0;Nombre;§4.1.4
2021;EDF SA;France;Salariés à temps partiel en décembre;Non statutaire CDI;De 20 heures à moins de 30 heures;Execution;Femme;0.0;Nombre;§4.1.4
2021;EDF SA;France;Salariés à temps partiel en décembre;Non statutaire CDD;De 20 heures à moins de 30 heures;Cadre;Femme;0.0;Nombre;§4.1.4
2021;EDF SA;France;Salariés à temps partiel en décembre;Statutaires;De 30 heures à moins de 35 heures;Cadre;Femme;64.0;Nombre;§4.1.4
2021;EDF SA;France;Salariés à temps partiel en décembre;Statutaires;De 30 heures à moins de 35 heures;Execution;Homme;12.0;Nombre;§4.1.4
2021;EDF SA;France;Salariés à temps partiel en décembre;Non statutaire CDD;De 30 heures à moins de 35 heures;Execution;Femme;0.0;Nombre;§4.1.4
2021;EDF SA;France;Salariés à temps partiel en décembre;Statutaires;Moins de 20 heures;Maitrise;Homme;32.0;Nombre;§4.1.4
2021;EDF SA;France;Salariés à temps partiel en décembre;Statutaires;Moins de 20 heures;Maitrise;Femme;94.0;Nombre;§4.1.4
2021;EDF SA;France;Salariés à temps partiel en décembre;Non statutaire CDI;De 20 heures à moins de 30 heures;Maitrise;Femme;1.0;Nombre;§4.1.4
2021;EDF SA;France;Salariés à temps partiel en décembre;Non statutaire CDD;De 20 heures à moins de 30 heures;Execution;Homme;0.0;Nombre;§4.1.4
2021;EDF SA;France;Salariés à temps partiel en décembre;Statutaires;De 30 heures à moins de 35 heures;Cadre;Homme;28.0;Nombre;§4.1.4
2021;EDF SA;France;Salariés à temps partiel en décembre;Non statutaire CDI;De 30 heures à moins de 35 heures;Maitrise;Homme;0.0;Nombre;§4.1.4
2021;EDF SA;France;Salariés à temps partiel en décembre;Non statutaire CDI;De 30 heures à moins de 35 heures;Maitrise;Femme;0.0;Nombre;§4.1.4
2021;EDF SA;France;Salariés à temps partiel en décembre;Non statutaire CDI;De 30 heures à moins de 35 heures;Execution;Femme;1.0;Nombre;§4.1.4
2021;EDF SA;France;Salariés à temps partiel en décembre;Non statutaire CDD;De 30 heures à moins de 35 heures;Execution;Homme;0.0;Nombre;§4.1.4
2021;EDF SA;France;Salariés à temps partiel en décembre;;;Maitrise;Homme;254.0;Nombre;§4.1.4
2021;EDF SA;France;Salariés à temps partiel en décembre;;;Execution;Homme;42.0;Nombre;§4.1.4
2021;EDF SA;France;Salariés à temps partiel en décembre;Statutaires;Moins de 20 heures;Cadre;Homme;18.0;Nombre;§4.1.4
2021;EDF SA;France;Salariés à temps partiel en décembre;Statutaires;Moins de 20 heures;Cadre;Femme;21.0;Nombre;§4.1.4
2021;EDF SA;France;Salariés à temps partiel en décembre;Statutaires;Moins de 20 heures;Execution;Femme;64.0;Nombre;§4.1.4
2021;EDF SA;France;Salariés à temps partiel en décembre;Non statutaire CDI;Moins de 20 heures;Maitrise;Homme;0.0;Nombre;§4.1.4
2021;EDF SA;France;Salariés à temps partiel en décembre;Non statutaire CDI;Moins de 20 heures;Execution;Femme;1.0;Nombre;§4.1.4
2021;EDF SA;France;Salariés à temps partiel en décembre;Non statutaire CDD;Moins de 20 heures;Maitrise;Femme;0.0;Nombre;§4.1.4
2021;EDF SA;France;Salariés à temps partiel en décembre;Non statutaire CDD;Moins de 20 heures;Execution;Homme;0.0;Nombre;§4.1.4
2021;EDF SA;France;Salariés à temps partiel en décembre;Statutaires;De 20 heures à moins de 30 heures;Maitrise;Femme;325.0;Nombre;§4.1.4
2021;EDF SA;France;Salariés à temps partiel en décembre;Non statutaire CDI;De 20 heures à moins de 30 heures;Execution;Homme;0.0;Nombre;§4.1.4
2021;EDF SA;France;Salariés à temps partiel en décembre;Non statutaire CDD;De 20 heures à moins de 30 heures;Maitrise;Femme;1.0;Nombre;§4.1.4
2021;EDF SA;France;Salariés à temps partiel en décembre;Non statutaire CDI;De 30 heures à moins de 35 heures;Cadre;Femme;3.0;Nombre;§4.1.4
2021;EDF SA;France;Salariés à temps partiel en décembre;Non statutaire CDD;De 30 heures à moins de 35 heures;Cadre;Homme;0.0;Nombre;§4.1.4
2021;EDF SA;France;Salariés à temps partiel en décembre;;;Maitrise;Femme;869.0;Nombre;§4.1.4
2021;EDF SA;France;Salariés à temps partiel en décembre;Non statutaire CDI;Moins de 20 heures;Maitrise;Femme;0.0;Nombre;§4.1.4
2021;EDF SA;France;Salariés à temps partiel en décembre;Non statutaire CDD;Moins de 20 heures;Cadre;Homme;0.0;Nombre;§4.1.4
2021;EDF SA;France;Salariés à temps partiel en décembre;Non statutaire CDD;Moins de 20 heures;Maitrise;Homme;0.0;Nombre;§4.1.4
2021;EDF SA;France;Salariés à temps partiel en décembre;Statutaires;De 20 heures à moins de 30 heures;Maitrise;Homme;85.0;Nombre;§4.1.4
2021;EDF SA;France;Salariés à temps partiel en décembre;Non statutaire CDI;De 20 heures à moins de 30 heures;Cadre;Femme;7.0;Nombre;§4.1.4
2021;EDF SA;France;Salariés à temps partiel en décembre;Non statutaire CDD;De 20 heures à moins de 30 heures;Maitrise;Homme;0.0;Nombre;§4.1.4
2021;EDF SA;France;Salariés à temps partiel en décembre;Statutaires;De 30 heures à moins de 35 heures;Maitrise;Homme;137.0;Nombre;§4.1.4
2021;EDF SA;France;Salariés à temps partiel en décembre;Statutaires;De 30 heures à moins de 35 heures;Maitrise;Femme;448.0;Nombre;§4.1.4
2021;EDF SA;France;Salariés à temps partiel en décembre;Statutaires;De 30 heures à moins de 35 heures;Execution;Femme;97.0;Nombre;§4.1.4
2021;EDF SA;France;Salariés à temps partiel en décembre;Non statutaire CDI;De 30 heures à moins de 35 heures;Execution;Homme;0.0;Nombre;§4.1.4
2021;EDF SA;France;Salariés à temps partiel en décembre;Non statutaire CDD;De 30 heures à moins de 35 heures;Maitrise;Homme;0.0;Nombre;§4.1.4
2021;EDF SA;France;Salariés à temps partiel en décembre;;;Cadre;Homme;84.0;Nombre;§4.1.4
2021;EDF SA;France;Salariés à temps partiel en décembre;;;Cadre;Femme;174.0;Nombre;§4.1.4
2021;EDF SA;France;Salariés à temps partiel en décembre;Non statutaire CDI;Moins de 20 heures;Execution;Homme;0.0;Nombre;§4.1.4
2021;EDF SA;France;Salariés à temps partiel en décembre;Non statutaire CDD;Moins de 20 heures;Cadre;Femme;1.0;Nombre;§4.1.4
2021;EDF SA;France;Salariés à temps partiel en décembre;Non statutaire CDD;Moins de 20 heures;Execution;Femme;0.0;Nombre;§4.1.4
2021;EDF SA;France;Salariés à temps partiel en décembre;Non statutaire CDI;De 20 heures à moins de 30 heures;Maitrise;Homme;0.0;Nombre;§4.1.4
2021;EDF SA;France;Salariés à temps partiel en décembre;Non statutaire CDD;De 20 heures à moins de 30 heures;Cadre;Homme;0.0;Nombre;§4.1.4
2021;EDF SA;France;Salariés à temps partiel en décembre;Non statutaire CDD;De 20 heures à moins de 30 heures;Execution;Femme;3.0;Nombre;§4.1.4
2021;EDF SA;France;Salariés à temps partiel en décembre;Non statutaire CDI;De 30 heures à moins de 35 heures;Cadre;Homme;2.0;Nombre;§4.1.4
2021;EDF SA;France;Salariés à temps partiel en décembre;Non statutaire CDD;De 30 heures à moins de 35 heures;Cadre;Femme;0.0;Nombre;§4.1.4
2021;EDF SA;France;Salariés à temps partiel en décembre;Non statutaire CDD;De 30 heures à moins de 35 heures;Maitrise;Femme;0.0;Nombre;§4.1.4
2020;EDF SA;France;Salariés à temps partiel en décembre;;;Maitrise;Homme;260.0;Nombre;§4.1.4
2020;EDF SA;France;Salariés à temps partiel en décembre;Statutaires;Moins de 20 heures;Maitrise;Homme;32.0;Nombre;§4.1.4
2020;EDF SA;France;Salariés à temps partiel en décembre;Non statutaire CDI;Moins de 20 heures;Execution;Homme;1.0;Nombre;§4.1.4
2020;EDF SA;France;Salariés à temps partiel en décembre;Statutaires;De 20 heures à moins de 30 heures;Cadre;Femme;82.0;Nombre;§4.1.4
2020;EDF SA;France;Salariés à temps partiel en décembre;Non statutaire CDD;De 20 heures à moins de 30 heures;Cadre;Femme;0.0;Nombre;§4.1.4
2020;EDF SA;France;Salariés à temps partiel en décembre;Non statutaire CDD;De 20 heures à moins de 30 heures;Maitrise;Homme;0.0;Nombre;§4.1.4
2020;EDF SA;France;Salariés à temps partiel en décembre;Non statutaire CDD;De 20 heures à moins de 30 heures;Maitrise;Femme;1.0;Nombre;§4.1.4
2020;EDF SA;France;Salariés à temps partiel en décembre;Non statutaire CDD;De 20 heures à moins de 30 heures;Execution;Femme;0.0;Nombre;§4.1.4
2020;EDF SA;France;Salariés à temps partiel en décembre;Non statutaire CDI;De 30 heures à moins de 35 heures;Maitrise;Homme;0.0;Nombre;§4.1.4
2020;EDF SA;France;Salariés à temps partiel en décembre;;;Cadre;Femme;185.0;Nombre;§4.1.4
2020;EDF SA;France;Salariés à temps partiel en décembre;;;Execution;Homme;48.0;Nombre;§4.1.4
2020;EDF SA;France;Salariés à temps partiel en décembre;Statutaires;Moins de 20 heures;Cadre;Homme;20.0;Nombre;§4.1.4
2020;EDF SA;France;Salariés à temps partiel en décembre;Non statutaire CDI;Moins de 20 heures;Maitrise;Homme;0.0;Nombre;§4.1.4
2020;EDF SA;France;Salariés à temps partiel en décembre;Non statutaire CDD;Moins de 20 heures;Maitrise;Femme;0.0;Nombre;§4.1.4
2020;EDF SA;France;Salariés à temps partiel en décembre;Statutaires;De 20 heures à moins de 30 heures;Maitrise;Femme;353.0;Nombre;§4.1.4
2020;EDF SA;France;Salariés à temps partiel en décembre;Statutaires;De 20 heures à moins de 30 heures;Execution;Homme;20.0;Nombre;§4.1.4
2020;EDF SA;France;Salariés à temps partiel en décembre;Statutaires;De 20 heures à moins de 30 heures;Execution;Femme;213.0;Nombre;§4.1.4
2020;EDF SA;France;Salariés à temps partiel en décembre;Non statutaire CDI;De 20 heures à moins de 30 heures;Cadre;Femme;7.0;Nombre;§4.1.4
2020;EDF SA;France;Salariés à temps partiel en décembre;Non statutaire CDI;De 20 heures à moins de 30 heures;Maitrise;Femme;1.0;Nombre;§4.1.4
2020;EDF SA;France;Salariés à temps partiel en décembre;Non statutaire CDI;De 20 heures à moins de 30 heures;Execution;Homme;0.0;Nombre;§4.1.4
2020;EDF SA;France;Salariés à temps partiel en décembre;;;Cadre;Homme;95.0;Nombre;§4.1.4
2020;EDF SA;France;Salariés à temps partiel en décembre;Statutaires;Moins de 20 heures;Execution;Femme;75.0;Nombre;§4.1.4
2020;EDF SA;France;Salariés à temps partiel en décembre;Non statutaire CDI;Moins de 20 heures;Maitrise;Femme;0.0;Nombre;§4.1.4
2020;EDF SA;France;Salariés à temps partiel en décembre;Non statutaire CDD;Moins de 20 heures;Cadre;Homme;3.0;Nombre;§4.1.4
2020;EDF SA;France;Salariés à temps partiel en décembre;Non statutaire CDD;Moins de 20 heures;Maitrise;Homme;0.0;Nombre;§4.1.4
2020;EDF SA;France;Salariés à temps partiel en décembre;Statutaires;De 20 heures à moins de 30 heures;Cadre;Homme;28.0;Nombre;§4.1.4
2020;EDF SA;France;Salariés à temps partiel en décembre;Non statutaire CDI;De 20 heures à moins de 30 heures;Cadre;Homme;2.0;Nombre;§4.1.4
2020;EDF SA;France;Salariés à temps partiel en décembre;Non statutaire CDI;De 20 heures à moins de 30 heures;Maitrise;Homme;0.0;Nombre;§4.1.4
2020;EDF SA;France;Salariés à temps partiel en décembre;Statutaires;De 30 heures à moins de 35 heures;Maitrise;Femme;511.0;Nombre;§4.1.4
2020;EDF SA;France;Salariés à temps partiel en décembre;Statutaires;De 30 heures à moins de 35 heures;Execution;Femme;117.0;Nombre;§4.1.4
2020;EDF SA;France;Salariés à temps partiel en décembre;Non statutaire CDI;De 30 heures à moins de 35 heures;Execution;Homme;0.0;Nombre;§4.1.4
2020;EDF SA;France;Salariés à temps partiel en décembre;Non statutaire CDD;De 30 heures à moins de 35 heures;Cadre;Homme;0.0;Nombre;§4.1.4
2020;EDF SA;France;Salariés à temps partiel en décembre;;;Execution;Femme;408.0;Nombre;§4.1.4
2020;EDF SA;France;Salariés à temps partiel en décembre;Non statutaire CDI;Moins de 20 heures;Cadre;Femme;5.0;Nombre;§4.1.4
2020;EDF SA;France;Salariés à temps partiel en décembre;Non statutaire CDD;De 20 heures à moins de 30 heures;Cadre;Homme;0.0;Nombre;§4.1.4
2020;EDF SA;France;Salariés à temps partiel en décembre;Non statutaire CDD;De 20 heures à moins de 30 heures;Execution;Homme;0.0;Nombre;§4.1.4
2020;EDF SA;France;Salariés à temps partiel en décembre;Statutaires;De 30 heures à moins de 35 heures;Cadre;Homme;31.0;Nombre;§4.1.4
2020;EDF SA;France;Salariés à temps partiel en décembre;Statutaires;De 30 heures à moins de 35 heures;Execution;Homme;19.0;Nombre;§4.1.4
2020;EDF SA;France;Salariés à temps partiel en décembre;Non statutaire CDI;De 30 heures à moins de 35 heures;Maitrise;Femme;0.0;Nombre;§4.1.4
2020;EDF SA;France;Salariés à temps partiel en décembre;Non statutaire CDI;De 30 heures à moins de 35 heures;Execution;Femme;1.0;Nombre;§4.1.4
2020;EDF SA;France;Salariés à temps partiel en décembre;Non statutaire CDD;De 30 heures à moins de 35 heures;Execution;Homme;0.0;Nombre;§4.1.4
2020;EDF SA;France;Salariés à temps partiel en décembre;Non statutaire CDD;De 30 heures à moins de 35 heures;Execution;Femme;1.0;Nombre;§4.1.4
2020;EDF SA;France;Salariés à temps partiel en décembre;;;Maitrise;Femme;964.0;Nombre;§4.1.4
2020;EDF SA;France;Salariés à temps partiel en décembre;Statutaires;Moins de 20 heures;Cadre;Femme;20.0;Nombre;§4.1.4
2020;EDF SA;France;Salariés à temps partiel en décembre;Statutaires;Moins de 20 heures;Maitrise;Femme;96.0;Nombre;§4.1.4
2020;EDF SA;France;Salariés à temps partiel en décembre;Statutaires;Moins de 20 heures;Execution;Homme;8.0;Nombre;§4.1.4
2020;EDF SA;France;Salariés à temps partiel en décembre;Non statutaire CDI;Moins de 20 heures;Cadre;Homme;7.0;Nombre;§4.1.4
2020;EDF SA;France;Salariés à temps partiel en décembre;Non statutaire CDI;Moins de 20 heures;Execution;Femme;1.0;Nombre;§4.1.4
2020;EDF SA;France;Salariés à temps partiel en décembre;Non statutaire CDD;Moins de 20 heures;Cadre;Femme;1.0;Nombre;§4.1.4
2020;EDF SA;France;Salariés à temps partiel en décembre;Non statutaire CDD;Moins de 20 heures;Execution;Homme;3.0;Nombre;§4.1.4
2020;EDF SA;France;Salariés à temps partiel en décembre;Non statutaire CDD;Moins de 20 heures;Execution;Femme;0.0;Nombre;§4.1.4
2020;EDF SA;France;Salariés à temps partiel en décembre;Statutaires;De 20 heures à moins de 30 heures;Maitrise;Homme;80.0;Nombre;§4.1.4
2020;EDF SA;France;Salariés à temps partiel en décembre;Non statutaire CDI;De 20 heures à moins de 30 heures;Execution;Femme;0.0;Nombre;§4.1.4
2020;EDF SA;France;Salariés à temps partiel en décembre;Statutaires;De 30 heures à moins de 35 heures;Cadre;Femme;67.0;Nombre;§4.1.4
2020;EDF SA;France;Salariés à temps partiel en décembre;Statutaires;De 30 heures à moins de 35 heures;Maitrise;Homme;148.0;Nombre;§4.1.4
2020;EDF SA;France;Salariés à temps partiel en décembre;Non statutaire CDI;De 30 heures à moins de 35 heures;Cadre;Homme;4.0;Nombre;§4.1.4
2020;EDF SA;France;Salariés à temps partiel en décembre;Non statutaire CDI;De 30 heures à moins de 35 heures;Cadre;Femme;3.0;Nombre;§4.1.4
2020;EDF SA;France;Salariés à temps partiel en décembre;Non statutaire CDD;De 30 heures à moins de 35 heures;Cadre;Femme;0.0;Nombre;§4.1.4
2020;EDF SA;France;Salariés à temps partiel en décembre;Non statutaire CDD;De 30 heures à moins de 35 heures;Maitrise;Homme;0.0;Nombre;§4.1.4
2020;EDF SA;France;Salariés à temps partiel en décembre;Non statutaire CDD;De 30 heures à moins de 35 heures;Maitrise;Femme;2.0;Nombre;§4.1.4
2019;EDF SA;France;Salariés à temps partiel en décembre;;;Cadre;Homme;104.0;Nombre;§4.1.4
2019;EDF SA;France;Salariés à temps partiel en décembre;Statutaires;Moins de 20 heures;Maitrise;Homme;44.0;Nombre;§4.1.4
2019;EDF SA;France;Salariés à temps partiel en décembre;Statutaires;Moins de 20 heures;Maitrise;Femme;108.0;Nombre;§4.1.4
2019;EDF SA;France;Salariés à temps partiel en décembre;Statutaires;De 20 heures à moins de 30 heures;Maitrise;Homme;80.0;Nombre;§4.1.4
2019;EDF SA;France;Salariés à temps partiel en décembre;Non statutaire CDI;De 20 heures à moins de 30 heures;Execution;Homme;0.0;Nombre;§4.1.4
2019;EDF SA;France;Salariés à temps partiel en décembre;Statutaires;De 30 heures à moins de 35 heures;Cadre;Femme;68.0;Nombre;§4.1.4
2019;EDF SA;France;Salariés à temps partiel en décembre;Non statutaire CDI;De 30 heures à moins de 35 heures;Execution;Femme;1.0;Nombre;§4.1.4
2019;EDF SA;France;Salariés à temps partiel en décembre;Non statutaire CDI;Moins de 20 heures;Maitrise;Femme;0.0;Nombre;§4.1.4
2019;EDF SA;France;Salariés à temps partiel en décembre;Non statutaire CDD;Moins de 20 heures;Maitrise;Femme;0.0;Nombre;§4.1.4
2019;EDF SA;France;Salariés à temps partiel en décembre;Non statutaire CDD;Moins de 20 heures;Execution;Femme;0.0;Nombre;§4.1.4
2019;EDF SA;France;Salariés à temps partiel en décembre;Statutaires;De 20 heures à moins de 30 heures;Cadre;Homme;32.0;Nombre;§4.1.4
2019;EDF SA;France;Salariés à temps partiel en décembre;Statutaires;De 20 heures à moins de 30 heures;Cadre;Femme;80.0;Nombre;§4.1.4
2019;EDF SA;France;Salariés à temps partiel en décembre;Statutaires;De 20 heures à moins de 30 heures;Maitrise;Femme;374.0;Nombre;§4.1.4
2019;EDF SA;France;Salariés à temps partiel en décembre;Non statutaire CDI;De 20 heures à moins de 30 heures;Maitrise;Homme;0.0;Nombre;§4.1.4
2019;EDF SA;France;Salariés à temps partiel en décembre;Non statutaire CDD;De 20 heures à moins de 30 heures;Execution;Homme;0.0;Nombre;§4.1.4
2019;EDF SA;France;Salariés à temps partiel en décembre;Statutaires;De 30 heures à moins de 35 heures;Maitrise;Femme;564.0;Nombre;§4.1.4
2019;EDF SA;France;Salariés à temps partiel en décembre;Non statutaire CDI;De 30 heures à moins de 35 heures;Execution;Homme;0.0;Nombre;§4.1.4
2019;EDF SA;France;Salariés à temps partiel en décembre;Non statutaire CDD;De 30 heures à moins de 35 heures;Maitrise;Homme;0.0;Nombre;§4.1.4
2019;EDF SA;France;Salariés à temps partiel en décembre;;;Cadre;Femme;189.0;Nombre;§4.1.4
2019;EDF SA;France;Salariés à temps partiel en décembre;;;Execution;Homme;56.0;Nombre;§4.1.4
2019;EDF SA;France;Salariés à temps partiel en décembre;Statutaires;Moins de 20 heures;Cadre;Homme;21.0;Nombre;§4.1.4
2019;EDF SA;France;Salariés à temps partiel en décembre;Non statutaire CDI;Moins de 20 heures;Cadre;Homme;6.0;Nombre;§4.1.4
2019;EDF SA;France;Salariés à temps partiel en décembre;Non statutaire CDI;Moins de 20 heures;Execution;Homme;1.0;Nombre;§4.1.4
2019;EDF SA;France;Salariés à temps partiel en décembre;Non statutaire CDD;Moins de 20 heures;Maitrise;Homme;0.0;Nombre;§4.1.4
2019;EDF SA;France;Salariés à temps partiel en décembre;Non statutaire CDD;Moins de 20 heures;Execution;Homme;0.0;Nombre;§4.1.4
2019;EDF SA;France;Salariés à temps partiel en décembre;Non statutaire CDI;De 20 heures à moins de 30 heures;Maitrise;Femme;1.0;Nombre;§4.1.4
2019;EDF SA;France;Salariés à temps partiel en décembre;Non statutaire CDD;De 20 heures à moins de 30 heures;Cadre;Homme;0.0;Nombre;§4.1.4
2019;EDF SA;France;Salariés à temps partiel en décembre;Non statutaire CDD;De 20 heures à moins de 30 heures;Maitrise;Homme;0.0;Nombre;§4.1.4
2019;EDF SA;France;Salariés à temps partiel en décembre;Non statutaire CDD;De 20 heures à moins de 30 heures;Execution;Femme;0.0;Nombre;§4.1.4
2019;EDF SA;France;Salariés à temps partiel en décembre;Statutaires;De 30 heures à moins de 35 heures;Cadre;Homme;35.0;Nombre;§4.1.4
2019;EDF SA;France;Salariés à temps partiel en décembre;Non statutaire CDI;De 30 heures à moins de 35 heures;Maitrise;Homme;0.0;Nombre;§4.1.4
2019;EDF SA;France;Salariés à temps partiel en décembre;Non statutaire CDD;De 30 heures à moins de 35 heures;Cadre;Femme;0.0;Nombre;§4.1.4
2019;EDF SA;France;Salariés à temps partiel en décembre;;;Maitrise;Homme;277.0;Nombre;§4.1.4
2019;EDF SA;France;Salariés à temps partiel en décembre;;;Maitrise;Femme;1050.0;Nombre;§4.1.4
2019;EDF SA;France;Salariés à temps partiel en décembre;Statutaires;Moins de 20 heures;Execution;Femme;87.0;Nombre;§4.1.4
2019;EDF SA;France;Salariés à temps partiel en décembre;Non statutaire CDD;Moins de 20 heures;Cadre;Homme;3.0;Nombre;§4.1.4
2019;EDF SA;France;Salariés à temps partiel en décembre;Statutaires;De 20 heures à moins de 30 heures;Execution;Homme;20.0;Nombre;§4.1.4
2019;EDF SA;France;Salariés à temps partiel en décembre;Non statutaire CDI;De 20 heures à moins de 30 heures;Cadre;Femme;8.0;Nombre;§4.1.4
2019;EDF SA;France;Salariés à temps partiel en décembre;Non statutaire CDD;De 20 heures à moins de 30 heures;Cadre;Femme;0.0;Nombre;§4.1.4
2019;EDF SA;France;Salariés à temps partiel en décembre;Statutaires;De 30 heures à moins de 35 heures;Execution;Homme;25.0;Nombre;§4.1.4
2019;EDF SA;France;Salariés à temps partiel en décembre;Statutaires;De 30 heures à moins de 35 heures;Execution;Femme;155.0;Nombre;§4.1.4
2019;EDF SA;France;Salariés à temps partiel en décembre;Non statutaire CDI;De 30 heures à moins de 35 heures;Cadre;Homme;5.0;Nombre;§4.1.4
2019;EDF SA;France;Salariés à temps partiel en décembre;Non statutaire CDI;De 30 heures à moins de 35 heures;Cadre;Femme;4.0;Nombre;§4.1.4
2019;EDF SA;France;Salariés à temps partiel en décembre;Non statutaire CDD;De 30 heures à moins de 35 heures;Cadre;Homme;0.0;Nombre;§4.1.4
2019;EDF SA;France;Salariés à temps partiel en décembre;;;Execution;Femme;477.0;Nombre;§4.1.4
2019;EDF SA;France;Salariés à temps partiel en décembre;Statutaires;Moins de 20 heures;Cadre;Femme;23.0;Nombre;§4.1.4
2019;EDF SA;France;Salariés à temps partiel en décembre;Statutaires;Moins de 20 heures;Execution;Homme;10.0;Nombre;§4.1.4
2019;EDF SA;France;Salariés à temps partiel en décembre;Non statutaire CDI;Moins de 20 heures;Cadre;Femme;5.0;Nombre;§4.1.4
2019;EDF SA;France;Salariés à temps partiel en décembre;Non statutaire CDI;Moins de 20 heures;Maitrise;Homme;0.0;Nombre;§4.1.4
2019;EDF SA;France;Salariés à temps partiel en décembre;Non statutaire CDI;Moins de 20 heures;Execution;Femme;4.0;Nombre;§4.1.4
2019;EDF SA;France;Salariés à temps partiel en décembre;Non statutaire CDD;Moins de 20 heures;Cadre;Femme;1.0;Nombre;§4.1.4
2019;EDF SA;France;Salariés à temps partiel en décembre;Statutaires;De 20 heures à moins de 30 heures;Execution;Femme;230.0;Nombre;§4.1.4
2019;EDF SA;France;Salariés à temps partiel en décembre;Non statutaire CDI;De 20 heures à moins de 30 heures;Cadre;Homme;2.0;Nombre;§4.1.4
2019;EDF SA;France;Salariés à temps partiel en décembre;Non statutaire CDI;De 20 heures à moins de 30 heures;Execution;Femme;0.0;Nombre;§4.1.4
2019;EDF SA;France;Salariés à temps partiel en décembre;Non statutaire CDD;De 20 heures à moins de 30 heures;Maitrise;Femme;1.0;Nombre;§4.1.4
2019;EDF SA;France;Salariés à temps partiel en décembre;Statutaires;De 30 heures à moins de 35 heures;Maitrise;Homme;153.0;Nombre;§4.1.4
2019;EDF SA;France;Salariés à temps partiel en décembre;Non statutaire CDI;De 30 heures à moins de 35 heures;Maitrise;Femme;0.0;Nombre;§4.1.4
2019;EDF SA;France;Salariés à temps partiel en décembre;Non statutaire CDD;De 30 heures à moins de 35 heures;Maitrise;Femme;2.0;Nombre;§4.1.4
2019;EDF SA;France;Salariés à temps partiel en décembre;Non statutaire CDD;De 30 heures à moins de 35 heures;Execution;Homme;0.0;Nombre;§4.1.4
2019;EDF SA;France;Salariés à temps partiel en décembre;Non statutaire CDD;De 30 heures à moins de 35 heures;Execution;Femme;0.0;Nombre;§4.1.4
2018;EDF SA;France;Salariés à temps partiel en décembre;;;Cadre;Femme;187.0;Nombre;§4.1.4
2018;EDF SA;France;Salariés à temps partiel en décembre;;;Execution;Homme;58.0;Nombre;§4.1.4
2018;EDF SA;France;Salariés à temps partiel en décembre;Non statutaire CDI;Moins de 20 heures;Maitrise;Femme;0.0;Nombre;§4.1.4
2018;EDF SA;France;Salariés à temps partiel en décembre;Non statutaire CDI;Moins de 20 heures;Execution;Homme;2.0;Nombre;§4.1.4
2018;EDF SA;France;Salariés à temps partiel en décembre;Non statutaire CDI;Moins de 20 heures;Execution;Femme;5.0;Nombre;§4.1.4
2018;EDF SA;France;Salariés à temps partiel en décembre;Non statutaire CDD;Moins de 20 heures;Maitrise;Femme;0.0;Nombre;§4.1.4
2018;EDF SA;France;Salariés à temps partiel en décembre;Non statutaire CDD;Moins de 20 heures;Execution;Homme;0.0;Nombre;§4.1.4
2018;EDF SA;France;Salariés à temps partiel en décembre;Non statutaire CDI;De 20 heures à moins de 30 heures;Cadre;Homme;3.0;Nombre;§4.1.4
2018;EDF SA;France;Salariés à temps partiel en décembre;Non statutaire CDI;De 20 heures à moins de 30 heures;Maitrise;Homme;0.0;Nombre;§4.1.4
2018;EDF SA;France;Salariés à temps partiel en décembre;Non statutaire CDD;De 20 heures à moins de 30 heures;Cadre;Homme;0.0;Nombre;§4.1.4
2018;EDF SA;France;Salariés à temps partiel en décembre;Non statutaire CDD;De 20 heures à moins de 30 heures;Maitrise;Femme;0.0;Nombre;§4.1.4
2018;EDF SA;France;Salariés à temps partiel en décembre;Statutaires;De 30 heures à moins de 35 heures;Maitrise;Femme;568.0;Nombre;§4.1.4
2018;EDF SA;France;Salariés à temps partiel en décembre;Non statutaire CDI;De 30 heures à moins de 35 heures;Maitrise;Homme;0.0;Nombre;§4.1.4
2018;EDF SA;France;Salariés à temps partiel en décembre;Non statutaire CDI;De 30 heures à moins de 35 heures;Execution;Homme;0.0;Nombre;§4.1.4
2018;EDF SA;France;Salariés à temps partiel en décembre;Non statutaire CDI;De 30 heures à moins de 35 heures;Execution;Femme;1.0;Nombre;§4.1.4
2018;EDF SA;France;Salariés à temps partiel en décembre;Non statutaire CDD;De 30 heures à moins de 35 heures;Cadre;Femme;0.0;Nombre;§4.1.4
2018;EDF SA;France;Salariés à temps partiel en décembre;Non statutaire CDD;De 30 heures à moins de 35 heures;Execution;Homme;0.0;Nombre;§4.1.4
2018;EDF SA;France;Salariés à temps partiel en décembre;;;Maitrise;Homme;293.0;Nombre;§4.1.4
2018;EDF SA;France;Salariés à temps partiel en décembre;;;Maitrise;Femme;1072.0;Nombre;§4.1.4
2018;EDF SA;France;Salariés à temps partiel en décembre;;;Execution;Femme;532.0;Nombre;§4.1.4
2018;EDF SA;France;Salariés à temps partiel en décembre;Statutaires;Moins de 20 heures;Maitrise;Homme;43.0;Nombre;§4.1.4
2018;EDF SA;France;Salariés à temps partiel en décembre;Statutaires;Moins de 20 heures;Maitrise;Femme;109.0;Nombre;§4.1.4
2018;EDF SA;France;Salariés à temps partiel en décembre;Statutaires;Moins de 20 heures;Execution;Homme;12.0;Nombre;§4.1.4
2018;EDF SA;France;Salariés à temps partiel en décembre;Statutaires;Moins de 20 heures;Execution;Femme;88.0;Nombre;§4.1.4
2018;EDF SA;France;Salariés à temps partiel en décembre;Non statutaire CDD;Moins de 20 heures;Cadre;Homme;3.0;Nombre;§4.1.4
2018;EDF SA;France;Salariés à temps partiel en décembre;Non statutaire CDD;Moins de 20 heures;Cadre;Femme;0.0;Nombre;§4.1.4
2018;EDF SA;France;Salariés à temps partiel en décembre;Statutaires;De 20 heures à moins de 30 heures;Cadre;Homme;26.0;Nombre;§4.1.4
2018;EDF SA;France;Salariés à temps partiel en décembre;Statutaires;De 20 heures à moins de 30 heures;Execution;Homme;17.0;Nombre;§4.1.4
2018;EDF SA;France;Salariés à temps partiel en décembre;Statutaires;De 30 heures à moins de 35 heures;Cadre;Homme;38.0;Nombre;§4.1.4
2018;EDF SA;France;Salariés à temps partiel en décembre;Statutaires;De 30 heures à moins de 35 heures;Maitrise;Homme;174.0;Nombre;§4.1.4
2018;EDF SA;France;Salariés à temps partiel en décembre;Statutaires;De 30 heures à moins de 35 heures;Execution;Femme;173.0;Nombre;§4.1.4
2018;EDF SA;France;Salariés à temps partiel en décembre;Non statutaire CDI;De 30 heures à moins de 35 heures;Maitrise;Femme;0.0;Nombre;§4.1.4
2018;EDF SA;France;Salariés à temps partiel en décembre;;;Cadre;Homme;101.0;Nombre;§4.1.4
2018;EDF SA;France;Salariés à temps partiel en décembre;Non statutaire CDD;Moins de 20 heures;Execution;Femme;0.0;Nombre;§4.1.4
2018;EDF SA;France;Salariés à temps partiel en décembre;Statutaires;De 20 heures à moins de 30 heures;Cadre;Femme;75.0;Nombre;§4.1.4
2018;EDF SA;France;Salariés à temps partiel en décembre;Statutaires;De 20 heures à moins de 30 heures;Maitrise;Homme;76.0;Nombre;§4.1.4
2018;EDF SA;France;Salariés à temps partiel en décembre;Non statutaire CDI;De 20 heures à moins de 30 heures;Execution;Homme;0.0;Nombre;§4.1.4
2018;EDF SA;France;Salariés à temps partiel en décembre;Non statutaire CDD;De 20 heures à moins de 30 heures;Maitrise;Homme;0.0;Nombre;§4.1.4
2018;EDF SA;France;Salariés à temps partiel en décembre;Non statutaire CDD;De 20 heures à moins de 30 heures;Execution;Femme;0.0;Nombre;§4.1.4
2018;EDF SA;France;Salariés à temps partiel en décembre;Non statutaire CDI;De 30 heures à moins de 35 heures;Cadre;Femme;5.0;Nombre;§4.1.4
2018;EDF SA;France;Salariés à temps partiel en décembre;Statutaires;Moins de 20 heures;Cadre;Homme;18.0;Nombre;§4.1.4
2018;EDF SA;France;Salariés à temps partiel en décembre;Non statutaire CDI;Moins de 20 heures;Cadre;Homme;8.0;Nombre;§4.1.4
2018;EDF SA;France;Salariés à temps partiel en décembre;Non statutaire CDI;Moins de 20 heures;Cadre;Femme;5.0;Nombre;§4.1.4
2018;EDF SA;France;Salariés à temps partiel en décembre;Non statutaire CDI;Moins de 20 heures;Maitrise;Homme;0.0;Nombre;§4.1.4
2018;EDF SA;France;Salariés à temps partiel en décembre;Statutaires;De 20 heures à moins de 30 heures;Execution;Femme;264.0;Nombre;§4.1.4
2018;EDF SA;France;Salariés à temps partiel en décembre;Non statutaire CDI;De 20 heures à moins de 30 heures;Execution;Femme;1.0;Nombre;§4.1.4
2018;EDF SA;France;Salariés à temps partiel en décembre;Statutaires;De 30 heures à moins de 35 heures;Cadre;Femme;78.0;Nombre;§4.1.4
2018;EDF SA;France;Salariés à temps partiel en décembre;Non statutaire CDD;De 30 heures à moins de 35 heures;Maitrise;Femme;1.0;Nombre;§4.1.4
2018;EDF SA;France;Salariés à temps partiel en décembre;Non statutaire CDD;De 30 heures à moins de 35 heures;Execution;Femme;0.0;Nombre;§4.1.4
2018;EDF SA;France;Salariés à temps partiel en décembre;Statutaires;Moins de 20 heures;Cadre;Femme;16.0;Nombre;§4.1.4
2018;EDF SA;France;Salariés à temps partiel en décembre;Non statutaire CDD;Moins de 20 heures;Maitrise;Homme;0.0;Nombre;§4.1.4
2018;EDF SA;France;Salariés à temps partiel en décembre;Statutaires;De 20 heures à moins de 30 heures;Maitrise;Femme;394.0;Nombre;§4.1.4
2018;EDF SA;France;Salariés à temps partiel en décembre;Non statutaire CDI;De 20 heures à moins de 30 heures;Cadre;Femme;8.0;Nombre;§4.1.4
2018;EDF SA;France;Salariés à temps partiel en décembre;Non statutaire CDI;De 20 heures à moins de 30 heures;Maitrise;Femme;0.0;Nombre;§4.1.4
2018;EDF SA;France;Salariés à temps partiel en décembre;Non statutaire CDD;De 20 heures à moins de 30 heures;Cadre;Femme;0.0;Nombre;§4.1.4
2018;EDF SA;France;Salariés à temps partiel en décembre;Non statutaire CDD;De 20 heures à moins de 30 heures;Execution;Homme;0.0;Nombre;§4.1.4
2018;EDF SA;France;Salariés à temps partiel en décembre;Statutaires;De 30 heures à moins de 35 heures;Execution;Homme;27.0;Nombre;§4.1.4
2018;EDF SA;France;Salariés à temps partiel en décembre;Non statutaire CDI;De 30 heures à moins de 35 heures;Cadre;Homme;5.0;Nombre;§4.1.4
2018;EDF SA;France;Salariés à temps partiel en décembre;Non statutaire CDD;De 30 heures à moins de 35 heures;Cadre;Homme;0.0;Nombre;§4.1.4
2018;EDF SA;France;Salariés à temps partiel en décembre;Non statutaire CDD;De 30 heures à moins de 35 heures;Maitrise;Homme;0.0;Nombre;§4.1.4
2017;EDF SA;France;Salariés à temps partiel en décembre;;;Cadre;Homme;108.0;Nombre;§4.1.4
2017;EDF SA;France;Salariés à temps partiel en décembre;;;Execution;Femme;547.0;Nombre;§4.1.4
2017;EDF SA;France;Salariés à temps partiel en décembre;Statutaires;Moins de 20 heures;Cadre;Femme;20.0;Nombre;§4.1.4
2017;EDF SA;France;Salariés à temps partiel en décembre;Statutaires;Moins de 20 heures;Maitrise;Homme;31.0;Nombre;§4.1.4
2017;EDF SA;France;Salariés à temps partiel en décembre;Statutaires;Moins de 20 heures;Maitrise;Femme;105.0;Nombre;§4.1.4
2017;EDF SA;France;Salariés à temps partiel en décembre;Non statutaire CDD;Moins de 20 heures;Cadre;Femme;1.0;Nombre;§4.1.4
2017;EDF SA;France;Salariés à temps partiel en décembre;Non statutaire CDD;Moins de 20 heures;Maitrise;Femme;0.0;Nombre;§4.1.4
2017;EDF SA;France;Salariés à temps partiel en décembre;Non statutaire CDD;Moins de 20 heures;Execution;Homme;0.0;Nombre;§4.1.4
2017;EDF SA;France;Salariés à temps partiel en décembre;Statutaires;De 20 heures à moins de 30 heures;Execution;Homme;18.0;Nombre;§4.1.4
2017;EDF SA;France;Salariés à temps partiel en décembre;Statutaires;De 30 heures à moins de 35 heures;Maitrise;Femme;594.0;Nombre;§4.1.4
2017;EDF SA;France;Salariés à temps partiel en décembre;Statutaires;De 30 heures à moins de 35 heures;Execution;Homme;23.0;Nombre;§4.1.4
2017;EDF SA;France;Salariés à temps partiel en décembre;Statutaires;De 30 heures à moins de 35 heures;Execution;Femme;175.0;Nombre;§4.1.4
2017;EDF SA;France;Salariés à temps partiel en décembre;Non statutaire CDI;De 30 heures à moins de 35 heures;Cadre;Femme;5.0;Nombre;§4.1.4
2017;EDF SA;France;Salariés à temps partiel en décembre;Non statutaire CDI;De 30 heures à moins de 35 heures;Execution;Homme;0.0;Nombre;§4.1.4
2017;EDF SA;France;Salariés à temps partiel en décembre;Non statutaire CDD;De 30 heures à moins de 35 heures;Maitrise;Homme;0.0;Nombre;§4.1.4
2017;EDF SA;France;Salariés à temps partiel en décembre;;;Maitrise;Femme;1095.0;Nombre;§4.1.4
2017;EDF SA;France;Salariés à temps partiel en décembre;Statutaires;Moins de 20 heures;Cadre;Homme;21.0;Nombre;§4.1.4
2017;EDF SA;France;Salariés à temps partiel en décembre;Statutaires;Moins de 20 heures;Execution;Femme;104.0;Nombre;§4.1.4
2017;EDF SA;France;Salariés à temps partiel en décembre;Non statutaire CDI;Moins de 20 heures;Maitrise;Homme;0.0;Nombre;§4.1.4
2017;EDF SA;France;Salariés à temps partiel en décembre;Non statutaire CDI;Moins de 20 heures;Execution;Homme;2.0;Nombre;§4.1.4
2017;EDF SA;France;Salariés à temps partiel en décembre;Statutaires;De 20 heures à moins de 30 heures;Cadre;Femme;70.0;Nombre;§4.1.4
2017;EDF SA;France;Salariés à temps partiel en décembre;Non statutaire CDI;De 20 heures à moins de 30 heures;Maitrise;Homme;0.0;Nombre;§4.1.4
2017;EDF SA;France;Salariés à temps partiel en décembre;Non statutaire CDI;De 20 heures à moins de 30 heures;Execution;Homme;0.0;Nombre;§4.1.4
2017;EDF SA;France;Salariés à temps partiel en décembre;Statutaires;De 30 heures à moins de 35 heures;Cadre;Femme;80.0;Nombre;§4.1.4
2017;EDF SA;France;Salariés à temps partiel en décembre;Non statutaire CDI;De 30 heures à moins de 35 heures;Execution;Femme;1.0;Nombre;§4.1.4
2017;EDF SA;France;Salariés à temps partiel en décembre;Non statutaire CDD;De 30 heures à moins de 35 heures;Execution;Femme;2.0;Nombre;§4.1.4
2017;EDF SA;France;Salariés à temps partiel en décembre;;;Cadre;Femme;192.0;Nombre;§4.1.4
2017;EDF SA;France;Salariés à temps partiel en décembre;Statutaires;Moins de 20 heures;Execution;Homme;16.0;Nombre;§4.1.4
2017;EDF SA;France;Salariés à temps partiel en décembre;Non statutaire CDI;Moins de 20 heures;Cadre;Homme;12.0;Nombre;§4.1.4
2017;EDF SA;France;Salariés à temps partiel en décembre;Non statutaire CDI;Moins de 20 heures;Cadre;Femme;7.0;Nombre;§4.1.4
2017;EDF SA;France;Salariés à temps partiel en décembre;Non statutaire CDI;Moins de 20 heures;Maitrise;Femme;0.0;Nombre;§4.1.4
2017;EDF SA;France;Salariés à temps partiel en décembre;Non statutaire CDD;Moins de 20 heures;Execution;Femme;0.0;Nombre;§4.1.4
2017;EDF SA;France;Salariés à temps partiel en décembre;Statutaires;De 20 heures à moins de 30 heures;Cadre;Homme;27.0;Nombre;§4.1.4
2017;EDF SA;France;Salariés à temps partiel en décembre;Statutaires;De 20 heures à moins de 30 heures;Maitrise;Femme;395.0;Nombre;§4.1.4
2017;EDF SA;France;Salariés à temps partiel en décembre;Non statutaire CDI;De 20 heures à moins de 30 heures;Cadre;Homme;1.0;Nombre;§4.1.4
2017;EDF SA;France;Salariés à temps partiel en décembre;Non statutaire CDD;De 20 heures à moins de 30 heures;Cadre;Homme;1.0;Nombre;§4.1.4
2017;EDF SA;France;Salariés à temps partiel en décembre;Non statutaire CDD;De 20 heures à moins de 30 heures;Maitrise;Homme;0.0;Nombre;§4.1.4
2017;EDF SA;France;Salariés à temps partiel en décembre;Non statutaire CDD;De 20 heures à moins de 30 heures;Maitrise;Femme;0.0;Nombre;§4.1.4
2017;EDF SA;France;Salariés à temps partiel en décembre;Non statutaire CDD;De 20 heures à moins de 30 heures;Execution;Femme;0.0;Nombre;§4.1.4
2017;EDF SA;France;Salariés à temps partiel en décembre;Statutaires;De 30 heures à moins de 35 heures;Cadre;Homme;39.0;Nombre;§4.1.4
2017;EDF SA;France;Salariés à temps partiel en décembre;Non statutaire CDI;De 30 heures à moins de 35 heures;Cadre;Homme;5.0;Nombre;§4.1.4
2017;EDF SA;France;Salariés à temps partiel en décembre;Non statutaire CDI;De 30 heures à moins de 35 heures;Maitrise;Homme;0.0;Nombre;§4.1.4
2017;EDF SA;France;Salariés à temps partiel en décembre;Non statutaire CDI;De 30 heures à moins de 35 heures;Maitrise;Femme;0.0;Nombre;§4.1.4
2017;EDF SA;France;Salariés à temps partiel en décembre;;;Execution;Homme;60.0;Nombre;§4.1.4
2017;EDF SA;France;Salariés à temps partiel en décembre;Non statutaire CDD;Moins de 20 heures;Cadre;Homme;2.0;Nombre;§4.1.4
2017;EDF SA;France;Salariés à temps partiel en décembre;Non statutaire CDD;Moins de 20 heures;Maitrise;Homme;0.0;Nombre;§4.1.4
2017;EDF SA;France;Salariés à temps partiel en décembre;Statutaires;De 20 heures à moins de 30 heures;Execution;Femme;258.0;Nombre;§4.1.4
2017;EDF SA;France;Salariés à temps partiel en décembre;Non statutaire CDI;De 20 heures à moins de 30 heures;Execution;Femme;1.0;Nombre;§4.1.4
2017;EDF SA;France;Salariés à temps partiel en décembre;Non statutaire CDD;De 20 heures à moins de 30 heures;Execution;Homme;0.0;Nombre;§4.1.4
2017;EDF SA;France;Salariés à temps partiel en décembre;Non statutaire CDD;De 30 heures à moins de 35 heures;Cadre;Femme;0.0;Nombre;§4.1.4
2017;EDF SA;France;Salariés à temps partiel en décembre;Non statutaire CDD;De 30 heures à moins de 35 heures;Maitrise;Femme;1.0;Nombre;§4.1.4
2017;EDF SA;France;Salariés à temps partiel en décembre;Non statutaire CDD;De 30 heures à moins de 35 heures;Execution;Homme;1.0;Nombre;§4.1.4
2017;EDF SA;France;Salariés à temps partiel en décembre;;;Maitrise;Homme;297.0;Nombre;§4.1.4
2017;EDF SA;France;Salariés à temps partiel en décembre;Non statutaire CDI;Moins de 20 heures;Execution;Femme;6.0;Nombre;§4.1.4
2017;EDF SA;France;Salariés à temps partiel en décembre;Statutaires;De 20 heures à moins de 30 heures;Maitrise;Homme;77.0;Nombre;§4.1.4
2017;EDF SA;France;Salariés à temps partiel en décembre;Non statutaire CDI;De 20 heures à moins de 30 heures;Cadre;Femme;9.0;Nombre;§4.1.4
2017;EDF SA;France;Salariés à temps partiel en décembre;Non statutaire CDI;De 20 heures à moins de 30 heures;Maitrise;Femme;0.0;Nombre;§4.1.4
2017;EDF SA;France;Salariés à temps partiel en décembre;Non statutaire CDD;De 20 heures à moins de 30 heures;Cadre;Femme;0.0;Nombre;§4.1.4
2017;EDF SA;France;Salariés à temps partiel en décembre;Statutaires;De 30 heures à moins de 35 heures;Maitrise;Homme;189.0;Nombre;§4.1.4
2017;EDF SA;France;Salariés à temps partiel en décembre;Non statutaire CDD;De 30 heures à moins de 35 heures;Cadre;Homme;0.0;Nombre;§4.1.4
